A,R,N,D,C,Q,E,G,H,I,L,K,M,F,P,S,T,W,Y,V,O,U,B,J,Z,X,*
0.000,0.901,0.390,0.602,0.258,0.470,0.628,0.291,0.566,0.501,0.480,0.788,0.440,0.554,0.306,0.174,0.242,0.733,0.563,0.421,1.000,0.258,0.496,0.491,0.549,0.200,1.000
0.901,0.000,0.669,0.747,0.927,0.601,0.656,1.000,0.452,0.884,0.856,0.228,0.796,0.845,0.731,0.840,0.774,0.743,0.652,0.899,1.000,0.927,0.708,0.870,0.629,0.200,1.000
0.390,0.669,0.000,0.380,0.484,0.146,0.369,0.484,0.426,0.613,0.573,0.549,0.488,0.593,0.237,0.268,0.255,0.631,0.414,0.572,1.000,0.484,0.190,0.593,0.258,0.200,1.000
0.602,0.747,0.380,0.000,0.653,0.434,0.149,0.650,0.497,0.797,0.763,0.636,0.694,0.776,0.521,0.508,0.520,0.810,0.624,0.757,1.000,0.653,0.190,0.780,0.292,0.200,1.000
0.258,0.927,0.484,0.653,0.000,0.521,0.652,0.476,0.552,0.349,0.344,0.856,0.298,0.391,0.410,0.371,0.307,0.603,0.484,0.292,1.000,0.000,0.569,0.347,0.587,0.200,1.000
0.470,0.601,0.146,0.434,0.521,0.000,0.369,0.606,0.392,0.568,0.524,0.484,0.437,0.524,0.253,0.372,0.279,0.517,0.302,0.549,1.000,0.521,0.290,0.546,0.185,0.200,1.000
0.628,0.656,0.369,0.149,0.652,0.369,0.000,0.718,0.422,0.736,0.701,0.549,0.628,0.697,0.497,0.538,0.499,0.697,0.523,0.714,1.000,0.652,0.259,0.719,0.185,0.200,1.000
0.291,1.000,0.484,0.650,0.476,0.606,0.718,0.000,0.690,0.774,0.754,0.896,0.673,0.803,0.510,0.257,0.467,0.954,0.769,0.703,1.000,0.476,0.567,0.764,0.662,0.200,1.000
0.566,0.452,0.426,0.497,0.552,0.392,0.422,0.689,0.000,0.588,0.562,0.408,0.473,0.551,0.452,0.525,0.446,0.543,0.418,0.586,1.000,0.552,0.462,0.575,0.407,0.200,1.000
0.501,0.884,0.613,0.797,0.349,0.568,0.736,0.774,0.588,0.000,0.049,0.820,0.211,0.160,0.476,0.596,0.413,0.395,0.378,0.117,1.000,0.349,0.705,0.025,0.652,0.200,1.000
0.480,0.856,0.573,0.763,0.344,0.524,0.701,0.754,0.562,0.049,0.000,0.784,0.193,0.156,0.432,0.564,0.373,0.377,0.342,0.112,1.000,0.344,0.668,0.025,0.613,0.200,1.000
0.788,0.228,0.549,0.636,0.856,0.484,0.549,0.896,0.408,0.820,0.784,0.000,0.735,0.794,0.590,0.713,0.649,0.720,0.593,0.819,1.000,0.856,0.593,0.802,0.517,0.200,1.000
0.440,0.796,0.488,0.694,0.298,0.437,0.628,0.673,0.473,0.211,0.193,0.735,0.000,0.139,0.406,0.487,0.324,0.329,0.249,0.253,1.000,0.298,0.591,0.202,0.533,0.200,1.000
0.554,0.845,0.593,0.776,0.391,0.524,0.697,0.803,0.551,0.160,0.156,0.794,0.139,0.000,0.495,0.612,0.426,0.267,0.278,0.250,1.000,0.391,0.685,0.158,0.611,0.200,1.000
0.306,0.731,0.237,0.521,0.410,0.253,0.497,0.510,0.452,0.476,0.432,0.590,0.406,0.495,0.000,0.267,0.117,0.578,0.392,0.414,1.000,0.410,0.379,0.454,0.375,0.200,1.000
0.174,0.840,0.268,0.508,0.371,0.372,0.538,0.257,0.525,0.596,0.564,0.713,0.487,0.612,0.267,0.000,0.228,0.741,0.543,0.530,1.000,0.371,0.388,0.580,0.455,0.200,1.000
0.242,0.774,0.255,0.520,0.307,0.279,0.499,0.467,0.446,0.413,0.373,0.649,0.324,0.426,0.117,0.228,0.000,0.545,0.362,0.354,1.000,0.307,0.388,0.393,0.389,0.200,1.000
0.733,0.743,0.631,0.810,0.603,0.517,0.697,0.954,0.543,0.395,0.377,0.720,0.329,0.267,0.578,0.741,0.545,0.000,0.221,0.476,1.000,0.603,0.721,0.386,0.607,0.200,1.000
0.563,0.652,0.414,0.624,0.484,0.302,0.523,0.769,0.418,0.378,0.342,0.593,0.249,0.278,0.392,0.543,0.362,0.221,0.000,0.418,1.000,0.484,0.519,0.360,0.413,0.200,1.000
0.421,0.899,0.572,0.757,0.292,0.549,0.714,0.703,0.586,0.117,0.112,0.819,0.253,0.250,0.414,0.530,0.354,0.476,0.418,0.000,1.000,0.292,0.665,0.115,0.632,0.200,1.000
1.000,1.000,1.000,1.000,1.000,1.000,1.000,1.000,1.000,1.000,1.000,1.000,1.000,1.000,1.000,1.000,1.000,1.000,1.000,1.000,0.000,1.000,1.000,1.000,1.000,0.200,1.000
0.258,0.927,0.484,0.653,0.000,0.521,0.652,0.476,0.552,0.349,0.344,0.856,0.298,0.391,0.410,0.371,0.307,0.603,0.484,0.292,1.000,0.000,0.569,0.347,0.587,0.200,1.000
0.496,0.708,0.190,0.190,0.569,0.290,0.259,0.567,0.462,0.705,0.668,0.593,0.591,0.685,0.379,0.388,0.388,0.721,0.519,0.665,1.000,0.569,0.190,0.687,0.275,0.200,1.000
0.491,0.870,0.593,0.780,0.347,0.546,0.719,0.764,0.575,0.025,0.025,0.802,0.202,0.158,0.454,0.580,0.393,0.386,0.360,0.115,1.000,0.347,0.687,0.025,0.632,0.200,1.000
0.549,0.629,0.258,0.292,0.587,0.185,0.185,0.662,0.407,0.652,0.613,0.517,0.533,0.611,0.375,0.455,0.389,0.607,0.413,0.632,1.000,0.587,0.275,0.632,0.185,0.200,1.000
0.200,0.200,0.200,0.200,0.200,0.200,0.200,0.200,0.200,0.200,0.200,0.200,0.200,0.200,0.200,0.200,0.200,0.200,0.200,0.200,0.200,0.200,0.200,0.200,0.200,0.200,1.000
1.000,1.000,1.000,1.000,1.000,1.000,1.000,1.000,1.000,1.000,1.000,1.000,1.000,1.000,1.000,1.000,1.000,1.000,1.000,1.000,1.000,1.000,1.000,1.000,1.000,1.000,0.000
